240,240
abs,ABS
al,AL
ald,ALD
apt,APT
ar,AR
arp,ARP
art,ART
arts,ARTS
as,AS
at,AT
auld,AULD
Ed,ED
El,EL
erg,ERG
ert,ERT
had,HAD
Haft,HAFT
hag,HAG
Hal,HAL
halt,HALT
har,HAR
hard,HARD
harp,HARP
has,HAS
hat,HAT
hats,HATS
he,HE
Hef,HEF
heft,HEFT
held,HELD
her,HER
herb,HERB
herbs,HERBS
hers,HERS
hertz,HERTZ
het,HET
hoe,HOE
hog,HOG
hogs,HOGS
hold,HOLD
hop,HOP
hops,HOPS
hor,HOR
hot,HOT
hour,HOUR
hours,HOURS
hub,HUB
hubs,HUBS
hug,HUG
hugs,HUGS
hup,HUP
hur,HUR
hurl,HURL
hurt,HURT
hurts,HURTS
hut,HUT
huts,HUTS
keg,KEG
kegs,KEGS
Kel,KEL
kept,KEPT
ker,KER
Kraus,KRAUS
kraut,KRAUT
Krebs,KREBS
kwarg,KWARG
kwargs,KWARGS
ol,OL
old,OLD
op,OP
opt,OPT
or,OR
our,OUR
ours,OURS
out,OUT
outs,OUTS
Pa,PA
pad,PAD
pal,PAL
pap,PAP
par,PAR
part,PART
parts,PARTS
pat,PAT
pats,PATS
Paul,PAUL
pe,PE
peg,PEG
pegs,PEGS
pelt,PELT
pep,PEP
per,PER
perp,PERP
pert,PERT
pet,PET
pets,PETS
pez,PEZ
pH,PH
po,PO
pod,POD
Poe,POE
poet,POET
poets,POETS
pop,POP
pops,POPS
port,PORT
ports,PORTS
pos,POS
pot,POT
pots,POTS
pout,POUT
pra,PRA
prat,PRAT
Pred,PRED
pref,PREF
preg,PREG
prep,PREP
preps,PREPS
prod,PROD
prop,PROP
props,PROPS
pros,PROS
proud,PROUD
pub,PUB
pud,PUD
pug,PUG
pup,PUP
purl,PURL
pus,PUS
put,PUT
puts,PUTS
Ra,RA
rad,RAD
raft,RAFT
rafts,RAFTS
rag,RAG
rap,RAP
rapt,RAPT
rar,RAR
rat,RAT
rats,RATS
raz,RAZ
red,RED
rep,REP
ret,RET
ro,RO
rob,ROB
robs,ROBS
rod,ROD
rot,ROT
rots,ROTS
Roz,ROZ
rub,RUB
rubs,RUBS
rug,RUG
rugs,RUGS
rut,RUT
ruts,RUTS
sa,SA
sad,SAD
sag,SAG
sags,SAGS
Sal,SAL
salt,SALT
sap,SAP
SARS,SARS
sat,SAT
Saul,SAUL
seb,SEB
Serb,SERB
set,SET
sets,SETS
shad,SHAD
shaft,SHAFT
shafts,SHAFTS
shag,SHAG
shalt,SHALT
shard,SHARD
sharp,SHARP
shat,SHAT
she,SHE
shed,SHED
Shep,SHEP
sher,SHER
shod,SHOD
shop,SHOP
shops,SHOPS
short,SHORT
shorts,SHORTS
shot,SHOT
shots,SHOTS
should,SHOULD
shout,SHOUT
shouts,SHOUTS
shroud,SHROUD
shrub,SHRUB
shrubs,SHRUBS
shut,SHUT
shuts,SHUTS
so,SO
sob,SOB
sod,SOD
soft,SOFT
SOFT/HRUF,SOFT/HRUF
sog,SOG
sol,SOL
sop,SOP
sort,SORT
sorts,SORTS
soul,SOUL
souls,SOULS
soup,SOUP
soups,SOUPS
sour,SOUR
spa,SPA
spag,SPAG
spar,SPAR
spas,SPAS
spat,SPAT
spats,SPATS
spauld,SPAULD
sped,SPED
spelt,SPELT
sport,SPORT
sports,SPORTS
spot,SPOT
spots,SPOTS
spout,SPOUT
spouts,SPOUTS
sprat,SPRAT
sprout,SPROUT
spud,SPUD
spur,SPUR
spurs,SPURS
spurt,SPURT
spurts,SPURTS
sta,STA
stab,STAB
stabs,STABS
stag,STAG
star,STAR
stars,STARS
start,START
starts,STARTS
stat,STAT
stats,STATS
Stef,STEF
step,STEP
steps,STEPS
stet,STET
stop,STOP
stops,STOPS
stout,STOUT
Strad,STRAD
strap,STRAP
straps,STRAPS
strat,STRAT
Straub,STRAUB
strep,STREP
strop,STROP
strug,STRUG
strut,STRUT
struts,STRUTS
stub,STUB
stubs,STUBS
stud,STUD
sub,SUB
subs,SUBS
sup,SUP
Sur,SUR
swab,SWAB
swabs,SWABS
swag,SWAG
swap,SWAP
swaps,SWAPS
sward,SWARD
swat,SWAT
swats,SWATS
swelt,SWELT
swept,SWEPT
sword,SWORD
tab,TAB
tabs,TABS
tad,TAD
Taft,TAFT
tag,TAG
tags,TAGS
tal,TAL
Taos,TAOS
tap,TAP
taps,TAPS
tar,TAR
tarp,TARP
tars,TARS
tart,TART
tat,TAT
tau,TAU
Ted,TED
ter,TER
Tet,TET
theft,THEFT
thefts,THEFTS
throb,THROB
throbs,THROBS
thud,THUD
thug,THUG
thus,THUS
to,TO
togs,TOGS
told,TOLD
top,TOP
tops,TOPS
tort,TORT
torts,TORTS
tout,TOUT
tra,TRA
trab,TRAB
trap,TRAP
traps,TRAPS
Tre,TRE
trod,TROD
trot,TROT
trots,TROTS
trout,TROUT
tru,TRU
tub,TUB
tubs,TUBS
tuft,TUFT
tug,TUG
tugs,TUGS
turd,TURD
Tut,TUT
twat,TWAT
twerp,TWERP
two,TWO
up,UP
ups,UPS
URL,URL
us,US
ut,UT
wab,WAB
wad,WAD
waft,WAFT
wag,WAG
war,WAR
ward,WARD
warp,WARP
wars,WARS
wart,WART
was,WAS
we,WE
web,WEB
webs,WEBS
wed,WED
weg,WEG
weld,WELD
welt,WELT
welts,WELTS
wept,WEPT
Wes,WES
wet,WET
wets,WETS
whap,WHAP
whet,WHET
who,WHO
whop,WHOP
whorl,WHORL
whup,WHUP
woe,WOE
wop,WOP
word,WORD
world,WORLD
wort,WORT
would,WOULD
wrap,WRAP
wraps,WRAPS
